{"index":{"_index":"companydatabase"}}
{"FirstName":"GENARO","Designation":"Vice President","Salary":"108000","DateOfJoining":"2008-01-14"}
{"index":{"_index":"companydatabase"}}
{"FirstName":"CIERRA","Designation":"Vice President","Salary":"106000","DateOfJoining":"1991-09-16"}
{"index":{"_index":"companydatabase"}}
{"FirstName":"RUSS","Designation":"Vice President","Salary":"109000","DateOfJoining":"1985-02-12"}
{"index":{"_index":"companydatabase"}}
{"FirstName":"JED","Designation":"Vice President","Salary":"108000","DateOfJoining":"1994-09-12"}
{"index":{"_index":"companydatabase"}}
{"FirstName":"VENICE","Designation":"Vice President","Salary":"105000","DateOfJoining":"2016-02-03"}
{"index":{"_index":"companydatabase"}}
{"FirstName":"SANDIE","Designation":"Vice President","Salary":"108000","DateOfJoining":"2009-01-07"}
{"index":{"_index":"companydatabase"}}
{"FirstName":"MAGDALEN","Designation":"Vice President","Salary":"100000","DateOfJoining":"2009-01-02"}
{"index":{"_index":"companydatabase"}}
{"FirstName":"FLOYD","Designation":"Vice President","Salary":"105000","DateOfJoining":"1988-12-06"}
{"index":{"_index":"companydatabase"}}
{"FirstName":"FRANKLIN","Designation":"Vice President","Salary":"108000","DateOfJoining":"1992-02-24"}
