[{"name": "sample", "description": "", "start_time": "12M", "end_time": "now", "is_custom_start_time": false, "refresh_interval": "1s", "time_range_enabled": true, "refresh_enabled": true, "edit_refresh_enabled": true, "filter_enabled": false, "filters": [], "widgets": [{"widget_name": "avgresponse", "name": "avgresponse", "row": 1, "column": 1, "height": 1, "width": 4, "chart_type": "bar"}, {"widget_name": "Rm_sanity", "name": "Rm_sanity", "row": 2, "column": 1, "height": 1, "width": 2, "chart_type": "bar"}]}, {"name": "sample_1", "description": "", "start_time": "12M", "end_time": "now", "is_custom_start_time": false, "refresh_interval": "1s", "time_range_enabled": true, "refresh_enabled": true, "edit_refresh_enabled": true, "filter_enabled": false, "filters": [], "widgets": [{"widget_name": "avgresponse", "name": "avgresponse", "row": 1, "column": 1, "height": 1, "width": 4, "chart_type": "bar"}, {"widget_name": "Rm_sanity", "name": "Rm_sanity", "row": 2, "column": 1, "height": 1, "width": 2, "chart_type": "bar"}]}, {"name": "repsone", "description": "", "start_time": "", "end_time": "", "is_custom_start_time": false, "refresh_interval": "", "time_range_enabled": true, "refresh_enabled": true, "edit_refresh_enabled": true, "filter_enabled": true, "filters": [], "widgets": [{"widget_name": "avgresponse", "name": "avgresponse", "row": 1, "column": 1, "height": 1, "width": 4, "chart_type": "bar"}, {"widget_name": "Request level", "name": "Request level", "row": 2, "column": 1, "height": 1, "width": 2, "chart_type": "bar"}, {"widget_name": "sanity_model", "name": "sanity_model", "row": 2, "column": 2, "height": 1, "width": 2, "chart_type": "bar"}]}, {"name": "Ram", "description": "", "start_time": "11m", "end_time": "", "is_custom_start_time": true, "refresh_interval": "15s", "time_range_enabled": true, "refresh_enabled": true, "edit_refresh_enabled": true, "filter_enabled": true, "filters": [], "widgets": [{"widget_name": "new", "name": "new", "row": 1, "column": 1, "height": 1, "width": 2, "chart_type": "bar"}]}, {"name": "newdash", "description": "Sanity", "start_time": "today", "end_time": "next_month", "is_custom_start_time": false, "refresh_interval": "", "time_range_enabled": true, "refresh_enabled": true, "edit_refresh_enabled": true, "filter_enabled": true, "filters": [], "widgets": [{"widget_name": "Deepak_bal", "name": "Deepak_bal", "row": 1, "column": 1, "height": 1, "width": 2, "chart_type": "bar"}, {"widget_name": "Deepak_bal", "name": "Deepak_bal", "row": 2, "column": 1, "height": 1, "width": 2, "chart_type": "bar"}]}, {"name": "Sanity", "description": "", "start_time": "15m", "end_time": "now", "is_custom_start_time": false, "refresh_interval": "11s", "time_range_enabled": true, "refresh_enabled": true, "edit_refresh_enabled": true, "filter_enabled": true, "filters": [], "widgets": [{"widget_name": "Rome", "name": "Rome", "row": 1, "column": 1, "height": 2, "width": 1, "chart_type": "bar"}]}, {"name": "demo", "description": "", "start_time": "12M", "end_time": "now", "is_custom_start_time": false, "refresh_interval": "", "time_range_enabled": false, "refresh_enabled": false, "edit_refresh_enabled": false, "filter_enabled": false, "filters": [], "widgets": [{"widget_name": "pie", "name": "count", "row": 1, "column": 1, "height": 1, "width": 4, "chart_type": "gauge"}, {"widget_name": "demo sample", "name": "demo sample", "row": 2, "column": 1, "height": 1, "width": 2, "chart_type": "bar"}, {"widget_name": "rand_pred", "name": "rand_pred", "row": 2, "column": 2, "height": 1, "width": 2, "chart_type": "bar"}]}, {"name": "dahboard1", "description": "", "start_time": "12M", "end_time": "now", "is_custom_start_time": false, "refresh_interval": "10m", "time_range_enabled": true, "refresh_enabled": true, "edit_refresh_enabled": true, "filter_enabled": true, "filters": [], "widgets": [{"widget_name": "predict", "name": "predict", "row": 1, "column": 1, "height": 1, "width": 4, "chart_type": "bar"}, {"widget_name": "widget1", "name": "widget1", "row": 2, "column": 3, "height": 1, "width": 2, "chart_type": "bar"}, {"widget_name": "random_pred1", "name": "random_pred1", "row": 2, "column": 2, "height": 1, "width": 2, "chart_type": "bar"}]}, {"name": "Demo2", "description": "", "start_time": "today", "end_time": "next_year", "is_custom_start_time": false, "refresh_interval": "12s", "time_range_enabled": true, "refresh_enabled": true, "edit_refresh_enabled": true, "filter_enabled": true, "filters": [], "widgets": [{"widget_name": "Demo_123", "name": "Demo_123", "row": 1, "column": 1, "height": 2, "width": 1, "chart_type": "bar"}]}]