[{"name": "metric", "description": "for sanity check", "index_name": "metricbeat-*", "default_timestamp": "@timestamp", "is_default_timestamp_available": true, "filters": ["process.name==java", "system.process.state==sleeping"], "columns": [{"column_name": "system.process.state", "alias": ""}, {"column_name": "process.name", "alias": ""}, {"column_name": "process.working_directory", "alias": ""}, {"column_name": "system.process.fd.open", "alias": ""}]}, {"name": "request level", "description": "", "index_name": "requestleveldetails-*", "default_timestamp": "@timestamp", "is_default_timestamp_available": true, "filters": [], "columns": [{"column_name": "tExecBackend", "alias": ""}, {"column_name": "errorCode", "alias": ""}, {"column_name": "tExec", "alias": ""}, {"column_name": "execId", "alias": ""}, {"column_name": "tags", "alias": ""}, {"column_name": "endpoint", "alias": ""}, {"column_name": "message", "alias": ""}, {"column_name": "userId", "alias": ""}, {"column_name": "errorText", "alias": ""}, {"column_name": "service", "alias": ""}, {"column_name": "operation", "alias": ""}, {"column_name": "responseTime", "alias": ""}, {"column_name": "resultCode", "alias": ""}]}, {"name": "sample1", "description": "checking", "index_name": "metricbeat-*", "default_timestamp": "@timestamp", "is_default_timestamp_available": true, "filters": [], "columns": [{"column_name": "system.process.cpu.total.pct", "alias": ""}, {"column_name": "host.os.family.keyword", "alias": ""}]}, {"name": "notime", "description": "checking", "index_name": "metricbeat-*", "default_timestamp": "", "is_default_timestamp_available": true, "filters": [], "columns": [{"column_name": "system.process.memory.rss.pct", "alias": ""}, {"column_name": "cloud.instance.id.keyword", "alias": ""}, {"column_name": "event.dataset.keyword", "alias": ""}, {"column_name": "system.memory.hugepages.surplus", "alias": ""}, {"column_name": "system.load.cores", "alias": ""}, {"column_name": "system.process.fd.open", "alias": ""}, {"column_name": "system.process.state", "alias": ""}]}, {"name": "notime_1", "description": "", "index_name": "requestleveldetails-*", "default_timestamp": "", "is_default_timestamp_available": true, "filters": [], "columns": [{"column_name": "tExec", "alias": ""}, {"column_name": "execId", "alias": ""}, {"column_name": "resultCode", "alias": ""}]}, {"name": "metric1", "description": "for sanity check", "index_name": "metricbeat-*", "default_timestamp": "@timestamp", "is_default_timestamp_available": true, "filters": ["process.name==java", "system.process.state==sleeping"], "columns": [{"column_name": "system.process.state", "alias": ""}, {"column_name": "process.name", "alias": ""}, {"column_name": "process.working_directory", "alias": ""}, {"column_name": "system.process.fd.open", "alias": ""}]}, {"name": "metricnew", "description": "for sanity check", "index_name": "metricbeat-*", "default_timestamp": "@timestamp", "is_default_timestamp_available": true, "filters": ["process.name==java", "system.process.state==sleeping"], "columns": [{"column_name": "system.process.state", "alias": ""}, {"column_name": "process.name", "alias": ""}, {"column_name": "process.working_directory", "alias": ""}, {"column_name": "system.process.fd.open", "alias": ""}]}, {"name": "metricnew1", "description": "for sanity check", "index_name": "metricbeat-*", "default_timestamp": "@timestamp", "is_default_timestamp_available": true, "filters": ["process.name==java", "system.process.state==sleeping"], "columns": [{"column_name": "system.process.state", "alias": ""}, {"column_name": "process.name", "alias": ""}, {"column_name": "process.working_directory", "alias": ""}, {"column_name": "system.process.fd.open", "alias": ""}]}, {"name": "Test", "description": "Test", "index_name": "metricbeat-*", "default_timestamp": "@timestamp", "is_default_timestamp_available": true, "filters": ["process.name==java", "system.process.state==sleeping "], "columns": [{"column_name": "agent.version.keyword", "alias": ""}, {"column_name": "system.process.fd.open", "alias": "openfd"}, {"column_name": "host.hostname", "alias": ""}, {"column_name": "service.type", "alias": ""}, {"column_name": "process.name", "alias": ""}, {"column_name": "system.process.state", "alias": ""}]}, {"name": "Test1", "description": "Test", "index_name": "metricbeat-*", "default_timestamp": "", "is_default_timestamp_available": true, "filters": [], "columns": [{"column_name": "agent.version.keyword", "alias": ""}]}, {"name": "notime_data", "description": "", "index_name": "requestleveldetails-*", "default_timestamp": "", "is_default_timestamp_available": true, "filters": [], "columns": [{"column_name": "errorCode", "alias": ""}, {"column_name": "tExecBackend", "alias": ""}, {"column_name": "service", "alias": ""}, {"column_name": "operation", "alias": ""}, {"column_name": "resultCode", "alias": ""}, {"column_name": "responseTime", "alias": ""}, {"column_name": "tExec", "alias": ""}, {"column_name": "tags", "alias": ""}]}, {"name": "sanity_time", "description": "checking with timestamp", "index_name": "metricbeat-*", "default_timestamp": "@timestamp", "is_default_timestamp_available": true, "filters": [], "columns": [{"column_name": "system.process.fd.open", "alias": ""}, {"column_name": "system.process.state", "alias": ""}, {"column_name": "process.name", "alias": ""}]}, {"name": "sanity_notime", "description": "", "index_name": "requestleveldetails-*", "default_timestamp": "", "is_default_timestamp_available": true, "filters": [], "columns": [{"column_name": "tExec", "alias": ""}, {"column_name": "tExecBackend", "alias": ""}, {"column_name": "tags", "alias": ""}, {"column_name": "errorCode", "alias": ""}, {"column_name": "execId", "alias": ""}, {"column_name": "resultCode", "alias": ""}, {"column_name": "responseTime", "alias": ""}, {"column_name": "service", "alias": ""}, {"column_name": "operation", "alias": ""}]}, {"name": "Sample", "description": "log info", "index_name": "requestleveldetails-*", "default_timestamp": "@timestamp", "is_default_timestamp_available": true, "filters": [], "columns": [{"column_name": "errorCode", "alias": ""}, {"column_name": "tExecBackend", "alias": ""}, {"column_name": "tExec", "alias": ""}, {"column_name": "tags", "alias": ""}, {"column_name": "execId", "alias": ""}]}, {"name": "appLog", "description": "", "index_name": "new_application_log_1", "default_timestamp": "@timestamp", "is_default_timestamp_available": true, "filters": [], "columns": [{"column_name": "msgId", "alias": ""}, {"column_name": "path", "alias": ""}, {"column_name": "processName", "alias": ""}, {"column_name": "host", "alias": ""}, {"column_name": "timestamp", "alias": ""}, {"column_name": "eventType", "alias": ""}, {"column_name": "execId", "alias": ""}, {"column_name": "message", "alias": ""}]}, {"name": "deepak", "description": "", "index_name": "metricbeat-*", "default_timestamp": "@timestamp", "is_default_timestamp_available": true, "filters": [], "columns": [{"column_name": "agent.version.keyword", "alias": ""}]}, {"name": "deepak2", "description": "", "index_name": "metricbeat-*", "default_timestamp": "@timestamp", "is_default_timestamp_available": true, "filters": [], "columns": [{"column_name": "agent.version.keyword", "alias": ""}]}, {"name": "hari", "description": "", "index_name": "metricbeat-*", "default_timestamp": "@timestamp", "is_default_timestamp_available": true, "filters": ["process.name==java", "system.process.state==sleeping"], "columns": [{"column_name": "host.name.keyword", "alias": ""}, {"column_name": "system.load.cores", "alias": ""}, {"column_name": "process.name", "alias": ""}, {"column_name": "system.process.fd.open", "alias": ""}, {"column_name": "process.ppid", "alias": ""}, {"column_name": "host.id", "alias": ""}, {"column_name": "process.executable", "alias": ""}, {"column_name": "system.process.cpu.total.pct", "alias": ""}, {"column_name": "system.memory.swap.used.bytes", "alias": ""}, {"column_name": "system.process.state", "alias": ""}]}, {"name": "modify", "description": "modify", "index_name": "metricbeat-*", "default_timestamp": "@timestamp", "is_default_timestamp_available": true, "filters": ["process.name==java", "system.process.state==sleeping"], "columns": [{"column_name": "system.process.memory.rss.pct", "alias": "system"}, {"column_name": "process.name", "alias": ""}, {"column_name": "system.process.fd.open", "alias": ""}, {"column_name": "system.memory.actual.used.pct", "alias": ""}, {"column_name": "process.working_directory", "alias": ""}, {"column_name": "process.ppid", "alias": ""}]}, {"name": "new", "description": "", "index_name": "metricbeat-*", "default_timestamp": "@timestamp", "is_default_timestamp_available": true, "filters": [], "columns": [{"column_name": "system.process.fd.open", "alias": ""}, {"column_name": "system.process.state", "alias": ""}, {"column_name": "process.name", "alias": ""}]}, {"name": "new_notime", "description": "", "index_name": "metricbeat-*", "default_timestamp": "", "is_default_timestamp_available": false, "filters": [], "columns": [{"column_name": "system.process.fd.open", "alias": ""}, {"column_name": "system.process.state", "alias": ""}]}, {"name": "modify_notime", "description": "", "index_name": "metricbeat-*", "default_timestamp": "", "is_default_timestamp_available": false, "filters": ["process.name==java", "system.process.state==sleeping"], "columns": [{"column_name": "process.name", "alias": ""}, {"column_name": "system.process.state", "alias": ""}, {"column_name": "system.process.memory.rss.pct", "alias": ""}, {"column_name": "system.process.fd.open", "alias": ""}, {"column_name": "system.memory.actual.used.pct", "alias": ""}]}, {"name": "demo sample", "description": "", "index_name": "metricbeat-*", "default_timestamp": "@timestamp", "is_default_timestamp_available": true, "filters": [], "columns": [{"column_name": "system.process.fd.open", "alias": ""}, {"column_name": "system.process.state", "alias": ""}, {"column_name": "process.name", "alias": ""}]}, {"name": "product", "description": "", "index_name": "metricbeat-*", "default_timestamp": "@timestamp", "is_default_timestamp_available": true, "filters": [], "columns": [{"column_name": "process.name", "alias": ""}, {"column_name": "system.process.state", "alias": ""}, {"column_name": "system.process.fd.open", "alias": ""}, {"column_name": "host.hostname", "alias": ""}]}, {"name": "sanity_test1", "description": "", "index_name": "metricbeat-*", "default_timestamp": "@timestamp", "is_default_timestamp_available": true, "filters": ["process.name==java", "system.process.state==sleeping"], "columns": [{"column_name": "process.name", "alias": ""}, {"column_name": "system.process.state", "alias": ""}, {"column_name": "system.process.fd.open", "alias": ""}]}, {"name": "notime1", "description": "", "index_name": "metricbeat-*", "default_timestamp": "", "is_default_timestamp_available": false, "filters": [], "columns": [{"column_name": "agent.version.keyword", "alias": ""}, {"column_name": "system.process.memory.rss.pct", "alias": ""}, {"column_name": "cloud.instance.id.keyword", "alias": ""}, {"column_name": "host.name.keyword", "alias": ""}, {"column_name": "system.filesystem.mount_point", "alias": ""}, {"column_name": "system.memory.hugepages.surplus", "alias": ""}, {"column_name": "event.dataset.keyword", "alias": ""}, {"column_name": "system.load.cores", "alias": ""}, {"column_name": "system.process.cpu.total.value", "alias": ""}, {"column_name": "host.hostname", "alias": ""}, {"column_name": "system.filesystem.device_name", "alias": ""}, {"column_name": "service.type", "alias": ""}, {"column_name": "metricset.name.keyword", "alias": ""}, {"column_name": "system.memory.hugepages.total", "alias": ""}, {"column_name": "host.os.version", "alias": ""}, {"column_name": "system.process.fd.open", "alias": ""}, {"column_name": "system.memory.actual.free", "alias": ""}, {"column_name": "system.memory.total", "alias": ""}, {"column_name": "cloud.account.id.keyword", "alias": ""}, {"column_name": "system.process.summary.dead", "alias": ""}, {"column_name": "system.network.name.keyword", "alias": ""}, {"column_name": "process.working_directory.keyword", "alias": ""}, {"column_name": "system.memory.hugepages.free", "alias": ""}, {"column_name": "cloud.region", "alias": ""}, {"column_name": "system.fsstat.total_size.free", "alias": ""}, {"column_name": "system.socket.summary.udp.memory", "alias": ""}, {"column_name": "process.ppid", "alias": ""}, {"column_name": "agent.id.keyword", "alias": ""}, {"column_name": "system.memory.free", "alias": ""}, {"column_name": "system.memory.swap.free", "alias": ""}, {"column_name": "agent.hostname", "alias": ""}, {"column_name": "system.memory.actual.used.pct", "alias": ""}, {"column_name": "host.architecture", "alias": ""}, {"column_name": "system.filesystem.type", "alias": ""}, {"column_name": "cloud.machine.type", "alias": ""}, {"column_name": "cloud.provider", "alias": ""}, {"column_name": "agent.id", "alias": ""}, {"column_name": "host.containerized", "alias": ""}, {"column_name": "system.memory.actual.used.bytes", "alias": ""}, {"column_name": "system.memory.hugepages.used.bytes", "alias": ""}, {"column_name": "system.filesystem.available", "alias": ""}, {"column_name": "system.cpu.user.pct", "alias": ""}, {"column_name": "system.memory.used.bytes", "alias": ""}, {"column_name": "system.network.name", "alias": ""}, {"column_name": "system.process.cmdline", "alias": ""}, {"column_name": "system.process.state.keyword", "alias": ""}, {"column_name": "system.cpu.system.pct", "alias": ""}, {"column_name": "system.process.summary.unknown", "alias": ""}, {"column_name": "system.process.cmdline.keyword", "alias": ""}, {"column_name": "service.type.keyword", "alias": ""}, {"column_name": "system.filesystem.type.keyword", "alias": ""}, {"column_name": "system.cpu.irq.pct", "alias": ""}, {"column_name": "user.name", "alias": ""}, {"column_name": "system.socket.summary.udp.all.count", "alias": ""}, {"column_name": "system.network.in.bytes", "alias": ""}, {"column_name": "system.network.in.dropped", "alias": ""}, {"column_name": "system.socket.summary.tcp.all.listening", "alias": ""}, {"column_name": "system.memory.swap.readahead.cached", "alias": ""}, {"column_name": "process.working_directory", "alias": ""}, {"column_name": "cloud.instance.id", "alias": ""}, {"column_name": "agent.type", "alias": ""}, {"column_name": "host.os.kernel.keyword", "alias": ""}, {"column_name": "host.id", "alias": ""}, {"column_name": "system.fsstat.count", "alias": ""}, {"column_name": "system.socket.summary.tcp.all.orphan", "alias": ""}, {"column_name": "agent.type.keyword", "alias": ""}, {"column_name": "agent.ephemeral_id.keyword", "alias": ""}, {"column_name": "cloud.region.keyword", "alias": ""}, {"column_name": "system.load.1", "alias": ""}, {"column_name": "system.memory.page_stats.pgsteal_kswapd.pages", "alias": ""}, {"column_name": "system.load.5", "alias": ""}, {"column_name": "system.cpu.nice.pct", "alias": ""}, {"column_name": "metricset.period", "alias": ""}, {"column_name": "host.os.codename", "alias": ""}, {"column_name": "system.process.summary.stopped", "alias": ""}, {"column_name": "process.executable.keyword", "alias": ""}, {"column_name": "system.process.memory.share", "alias": ""}, {"column_name": "process.pgid", "alias": ""}, {"column_name": "system.socket.summary.tcp.all.time_wait", "alias": ""}, {"column_name": "cloud.availability_zone.keyword", "alias": ""}, {"column_name": "event.duration", "alias": ""}, {"column_name": "system.process.memory.rss.bytes", "alias": ""}, {"column_name": "cloud.image.id", "alias": ""}, {"column_name": "system.socket.summary.all.count", "alias": ""}, {"column_name": "host.os.platform", "alias": ""}, {"column_name": "cloud.account.id", "alias": ""}, {"column_name": "system.memory.hugepages.reserved", "alias": ""}, {"column_name": "agent.ephemeral_id", "alias": ""}, {"column_name": "system.network.in.errors", "alias": ""}, {"column_name": "system.memory.swap.in.pages", "alias": ""}, {"column_name": "system.memory.hugepages.swap.out.pages", "alias": ""}, {"column_name": "system.memory.hugepages.swap.out.fallback", "alias": ""}, {"column_name": "system.process.cpu.total.norm.pct", "alias": ""}, {"column_name": "system.memory.used.pct", "alias": ""}, {"column_name": "host.architecture.keyword", "alias": ""}, {"column_name": "system.filesystem.files", "alias": ""}, {"column_name": "process.pid", "alias": ""}, {"column_name": "system.load.norm.15", "alias": ""}, {"column_name": "agent.hostname.keyword", "alias": ""}, {"column_name": "system.filesystem.used.pct", "alias": ""}, {"column_name": "cloud.availability_zone", "alias": ""}, {"column_name": "system.memory.hugepages.used.pct", "alias": ""}, {"column_name": "system.filesystem.mount_point.keyword", "alias": ""}, {"column_name": "system.socket.summary.tcp.all.count", "alias": ""}, {"column_name": "ecs.version.keyword", "alias": ""}, {"column_name": "system.process.memory.size", "alias": ""}, {"column_name": "system.cpu.iowait.pct", "alias": ""}, {"column_name": "system.network.out.dropped", "alias": ""}, {"column_name": "system.socket.summary.tcp.memory", "alias": ""}, {"column_name": "system.memory.page_stats.pgscan_kswapd.pages", "alias": ""}, {"column_name": "system.filesystem.device_name.keyword", "alias": ""}, {"column_name": "system.uptime.duration.ms", "alias": ""}, {"column_name": "system.process.fd.limit.soft", "alias": ""}, {"column_name": "system.socket.summary.all.listening", "alias": ""}, {"column_name": "host.os.name", "alias": ""}, {"column_name": "host.id.keyword", "alias": ""}, {"column_name": "system.process.summary.sleeping", "alias": ""}, {"column_name": "host.name", "alias": ""}, {"column_name": "host.os.version.keyword", "alias": ""}, {"column_name": "system.network.out.packets", "alias": ""}, {"column_name": "system.socket.summary.tcp.all.close_wait", "alias": ""}, {"column_name": "system.process.summary.idle", "alias": ""}, {"column_name": "system.memory.page_stats.pgsteal_direct.pages", "alias": ""}, {"column_name": "system.cpu.steal.pct", "alias": ""}, {"column_name": "system.filesystem.used.bytes", "alias": ""}, {"column_name": "process.args.keyword", "alias": ""}, {"column_name": "process.name", "alias": ""}, {"column_name": "system.fsstat.total_files", "alias": ""}, {"column_name": "process.name.keyword", "alias": ""}, {"column_name": "ecs.version", "alias": ""}, {"column_name": "system.memory.swap.out.pages", "alias": ""}, {"column_name": "system.network.in.packets", "alias": ""}, {"column_name": "system.process.summary.total", "alias": ""}, {"column_name": "event.module.keyword", "alias": ""}, {"column_name": "host.hostname.keyword", "alias": ""}, {"column_name": "system.process.summary.zombie", "alias": ""}, {"column_name": "agent.version", "alias": ""}, {"column_name": "system.memory.page_stats.pgfree.pages", "alias": ""}, {"column_name": "host.os.family", "alias": ""}, {"column_name": "system.filesystem.total", "alias": ""}, {"column_name": "cloud.machine.type.keyword", "alias": ""}, {"column_name": "system.process.fd.limit.hard", "alias": ""}, {"column_name": "system.cpu.total.pct", "alias": ""}, {"column_name": "system.network.out.errors", "alias": ""}, {"column_name": "system.memory.swap.total", "alias": ""}, {"column_name": "system.load.15", "alias": ""}, {"column_name": "system.cpu.cores", "alias": ""}, {"column_name": "event.module", "alias": ""}, {"column_name": "host.os.kernel", "alias": ""}, {"column_name": "system.memory.page_stats.pgscan_direct.pages", "alias": ""}, {"column_name": "system.process.summary.running", "alias": ""}, {"column_name": "system.cpu.softirq.pct", "alias": ""}, {"column_name": "host.os.name.keyword", "alias": ""}, {"column_name": "system.filesystem.free_files", "alias": ""}, {"column_name": "system.load.norm.5", "alias": ""}, {"column_name": "system.memory.swap.readahead.pages", "alias": ""}, {"column_name": "system.fsstat.total_size.used", "alias": ""}, {"column_name": "process.executable", "alias": ""}, {"column_name": "system.load.norm.1", "alias": ""}, {"column_name": "host.os.codename.keyword", "alias": ""}, {"column_name": "system.memory.swap.used.pct", "alias": ""}, {"column_name": "cloud.image.id.keyword", "alias": ""}, {"column_name": "system.cpu.idle.pct", "alias": ""}, {"column_name": "system.network.out.bytes", "alias": ""}, {"column_name": "system.memory.swap.used.bytes", "alias": ""}, {"column_name": "process.args", "alias": ""}, {"column_name": "system.process.cpu.total.pct", "alias": ""}, {"column_name": "host.os.family.keyword", "alias": ""}, {"column_name": "metricset.name", "alias": ""}, {"column_name": "system.socket.summary.tcp.all.established", "alias": ""}, {"column_name": "host.os.platform.keyword", "alias": ""}, {"column_name": "system.filesystem.free", "alias": ""}, {"column_name": "system.fsstat.total_size.total", "alias": ""}, {"column_name": "cloud.provider.keyword", "alias": ""}, {"column_name": "system.process.state", "alias": ""}, {"column_name": "user.name.keyword", "alias": ""}, {"column_name": "event.dataset", "alias": ""}, {"column_name": "system.memory.hugepages.default_size", "alias": ""}]}]