[{"name": "request", "description": "", "time_column_enabled": true, "datasets": [{"name": "request level", "columns": ["tExecBackend", "errorCode", "tExec", "execId", "tags", "endpoint", "message", "userId", "errorText", "service", "operation", "responseTime", "resultCode"]}]}, {"name": "time", "description": "", "time_column_enabled": true, "datasets": [{"name": "sanity_time", "columns": ["system.process.fd.open", "system.process.state", "process.name"]}]}, {"name": "notime_sanity1", "description": "", "time_column_enabled": false, "datasets": [{"name": "sanity_notime", "columns": ["tExecBackend", "tags", "errorCode", "execId", "resultCode", "responseTime", "service", "operation"]}]}, {"name": "request level", "description": "", "time_column_enabled": true, "datasets": [{"name": "request level", "columns": ["tExecBackend", "errorCode", "tExec", "execId", "tags", "endpoint", "message", "userId", "errorText", "service", "operation", "responseTime", "resultCode"]}]}, {"name": "appLog", "description": "", "time_column_enabled": true, "datasets": [{"name": "appLog", "columns": ["msgId", "path", "processName", "host", "timestamp", "eventType", "execId", "message"]}]}, {"name": "Demo1", "description": "", "time_column_enabled": true, "datasets": [{"name": "appLog", "columns": ["msgId", "path", "processName", "host", "timestamp", "eventType", "execId", "message"]}]}, {"name": "modify_notime", "description": "", "time_column_enabled": true, "datasets": [{"name": "modify_notime", "columns": ["process.name", "system.process.state", "system.process.memory.rss.pct", "system.process.fd.open", "system.memory.actual.used.pct"]}]}, {"name": "pro", "description": "", "time_column_enabled": true, "datasets": [{"name": "product", "columns": ["process.name", "system.process.state", "system.process.fd.open", "host.hostname"]}]}, {"name": "chc1", "description": "", "time_column_enabled": true, "datasets": [{"name": "sanity_test1", "columns": ["process.name", "system.process.state", "system.process.fd.open"]}]}]