[{"widget_name": "new_predict", "dataset": "", "is_timeseries": true, "start_time": "12M", "end_time": "now", "number_of_datapoints": 0, "chart_type": "bar", "legend_position": "bottom", "xaxis_label": "", "yaxis_label": "", "sort_field": "", "sort_order": "", "sort_type": "metrics", "customsort_field": "", "customsort_aggr": "", "dimensions": [{"columnname": "errorCode"}], "metrics": [{"columnname": "responseTime", "aggregation_function": "MIN", "custom_label": "", "filters": []}], "filters": [], "scripts": [], "widget_type": "Prediction Model", "model": "new_predict"}, {"widget_name": "appLog1_cp", "dataset": "appLog", "is_timeseries": false, "start_time": "12M", "end_time": "now", "number_of_datapoints": 25, "chart_type": "line", "legend_position": "bottom", "xaxis_label": "bottom", "yaxis_label": "", "sort_field": "count_execId", "sort_order": "Ascending", "sort_type": "metrics", "customsort_field": "", "customsort_aggr": "", "dimensions": [{"columnname": "eventType"}], "metrics": [{"columnname": "execId", "aggregation_function": "COUNT", "custom_label": "", "filters": []}], "filters": [], "scripts": [], "widget_type": "Dataset", "model": ""}, {"widget_name": "new", "dataset": "appLog", "is_timeseries": false, "start_time": "12M", "end_time": "now", "number_of_datapoints": 7, "chart_type": "bar", "legend_position": "bottom", "xaxis_label": "", "yaxis_label": "", "sort_field": "count_msgId", "sort_order": "Ascending", "sort_type": "metrics", "customsort_field": "", "customsort_aggr": "", "dimensions": [{"columnname": "processName"}], "metrics": [{"columnname": "msgId", "aggregation_function": "COUNT", "custom_label": "", "filters": []}], "filters": [], "scripts": [], "widget_type": "Dataset", "model": ""}, {"widget_name": "new_pred", "dataset": "", "is_timeseries": true, "start_time": "12M", "end_time": "now", "number_of_datapoints": 0, "chart_type": "bar", "legend_position": "bottom", "xaxis_label": "", "yaxis_label": "", "sort_field": "", "sort_order": "", "sort_type": "metrics", "customsort_field": "", "customsort_aggr": "", "dimensions": [{"columnname": "resultCode"}], "metrics": [{"columnname": "responseTime", "aggregation_function": "MIN", "custom_label": "", "filters": []}], "filters": [], "scripts": [], "widget_type": "Prediction Model", "model": "predict"}, {"widget_name": "Rome", "dataset": "appLog", "is_timeseries": false, "start_time": "yesterday", "end_time": "now", "number_of_datapoints": 7, "chart_type": "bar", "legend_position": "bottom", "xaxis_label": "", "yaxis_label": "", "sort_field": "count_path", "sort_order": "Ascending", "sort_type": "metrics", "customsort_field": "", "customsort_aggr": "", "dimensions": [{"columnname": "path"}], "metrics": [{"columnname": "path", "aggregation_function": "COUNT", "custom_label": "", "filters": []}], "filters": [], "scripts": [], "widget_type": "Dataset", "model": ""}, {"widget_name": "Rome1", "dataset": "appLog", "is_timeseries": false, "start_time": "yesterday", "end_time": "now", "number_of_datapoints": 7, "chart_type": "bar", "legend_position": "bottom", "xaxis_label": "bottom", "yaxis_label": "", "sort_field": "count_path", "sort_order": "Ascending", "sort_type": "metrics", "customsort_field": "", "customsort_aggr": "", "dimensions": [{"columnname": "path"}], "metrics": [{"columnname": "path", "aggregation_function": "COUNT", "custom_label": "", "filters": []}], "filters": [], "scripts": [], "widget_type": "Dataset", "model": ""}, {"widget_name": "predic2", "dataset": "", "is_timeseries": true, "start_time": "12M", "end_time": "next_year", "number_of_datapoints": 0, "chart_type": "bar", "legend_position": "bottom", "xaxis_label": "bottom", "yaxis_label": "", "sort_field": "", "sort_order": "", "sort_type": "metrics", "customsort_field": "", "customsort_aggr": "", "dimensions": [{"columnname": "errorCode"}], "metrics": [{"columnname": "responseTime", "aggregation_function": "MAX", "custom_label": "", "filters": []}], "filters": [], "scripts": [], "widget_type": "Prediction Model", "model": "predict2"}, {"widget_name": "dataset_test", "dataset": "modify", "is_timeseries": false, "start_time": "12M", "end_time": "now", "number_of_datapoints": 5, "chart_type": "area", "legend_position": "bottom", "xaxis_label": "bottom", "yaxis_label": "", "sort_field": "a", "sort_order": "Ascending", "sort_type": "metrics", "customsort_field": "", "customsort_aggr": "", "dimensions": [{"columnname": "system"}], "metrics": [{"columnname": "process.name", "aggregation_function": "COUNT", "custom_label": "a", "filters": []}], "filters": [], "scripts": [], "widget_type": "Dataset", "model": ""}, {"widget_name": "rand_pred", "dataset": "", "is_timeseries": true, "start_time": "12M", "end_time": "tomorrow", "number_of_datapoints": 0, "chart_type": "bar", "legend_position": "bottom", "xaxis_label": "", "yaxis_label": "", "sort_field": "", "sort_order": "", "sort_type": "metrics", "customsort_field": "", "customsort_aggr": "", "dimensions": [{"columnname": "system"}], "metrics": [{"columnname": "system.process.fd.open", "aggregation_function": "MIN", "custom_label": "", "filters": []}], "filters": [], "scripts": [], "widget_type": "Prediction Model", "model": "random_pred"}, {"widget_name": "random_pred1", "dataset": "", "is_timeseries": true, "start_time": "12M", "end_time": "next_month", "number_of_datapoints": 0, "chart_type": "bar", "legend_position": "bottom", "xaxis_label": "", "yaxis_label": "", "sort_field": "", "sort_order": "", "sort_type": "metrics", "customsort_field": "", "customsort_aggr": "", "dimensions": [{"columnname": "process.working_directory"}], "metrics": [{"columnname": "system.process.fd.open", "aggregation_function": "AVG", "custom_label": "", "filters": []}], "filters": [], "scripts": [], "widget_type": "Prediction Model", "model": "random_pred1"}, {"widget_name": "Test", "dataset": "", "is_timeseries": true, "start_time": "60m", "end_time": "now", "number_of_datapoints": 0, "chart_type": "bar", "legend_position": "bottom", "xaxis_label": "", "yaxis_label": "", "sort_field": "", "sort_order": "", "sort_type": "metrics", "customsort_field": "", "customsort_aggr": "", "dimensions": [], "metrics": [{"columnname": "system.process.fd.open", "aggregation_function": "SUM", "custom_label": "count_method", "filters": []}], "filters": [], "scripts": [], "widget_type": "Prediction Model", "model": "random_pred1"}, {"widget_name": "demo sample", "dataset": "demo sample", "is_timeseries": false, "start_time": "12M", "end_time": "now", "number_of_datapoints": 4, "chart_type": "bar", "legend_position": "bottom", "xaxis_label": "", "yaxis_label": "", "sort_field": "count_state", "sort_order": "Descending", "sort_type": "custom", "customsort_field": "system.process.fd.open", "customsort_aggr": "COUNT", "dimensions": [{"columnname": "process.name"}], "metrics": [{"columnname": "system.process.fd.open", "aggregation_function": "COUNT", "custom_label": "count_state", "filters": []}, {"columnname": "process.name", "aggregation_function": "COUNT", "custom_label": "process", "filters": []}], "filters": ["process.name==java"], "scripts": [{"script": "process*100", "custom_label": "percent"}], "widget_type": "Dataset", "model": ""}, {"widget_name": "pie", "dataset": "demo sample", "is_timeseries": false, "start_time": "12M", "end_time": "now", "number_of_datapoints": 7, "chart_type": "pie", "legend_position": "bottom", "xaxis_label": "", "yaxis_label": "", "sort_field": "count", "sort_order": "Ascending", "sort_type": "metrics", "customsort_field": "", "customsort_aggr": "", "dimensions": [{"columnname": "process.name"}], "metrics": [{"columnname": "system.process.state", "aggregation_function": "COUNT", "custom_label": "count", "filters": []}], "filters": [], "scripts": [], "widget_type": "Dataset", "model": ""}, {"widget_name": "widget1", "dataset": "modify", "is_timeseries": false, "start_time": "12M", "end_time": "now", "number_of_datapoints": 5, "chart_type": "area", "legend_position": "bottom", "xaxis_label": "bottom", "yaxis_label": "123", "sort_field": "q", "sort_order": "Ascending", "sort_type": "metrics", "customsort_field": "", "customsort_aggr": "", "dimensions": [{"columnname": "system.process.fd.open"}], "metrics": [{"columnname": "process.name", "aggregation_function": "COUNT", "custom_label": "q", "filters": []}], "filters": [], "scripts": [{"script": "q+10", "custom_label": "b"}], "widget_type": "Dataset", "model": ""}, {"widget_name": "widget2", "dataset": "", "is_timeseries": true, "start_time": "12M", "end_time": "next_month", "number_of_datapoints": 0, "chart_type": "bar", "legend_position": "bottom", "xaxis_label": "", "yaxis_label": "", "sort_field": "", "sort_order": "", "sort_type": "metrics", "customsort_field": "", "customsort_aggr": "", "dimensions": [{"columnname": "process.name"}], "metrics": [{"columnname": "system.process.fd.open", "aggregation_function": "AVG", "custom_label": "", "filters": []}], "filters": [], "scripts": [], "widget_type": "Prediction Model", "model": "random_pred1"}, {"widget_name": "Deepak", "dataset": "demo sample", "is_timeseries": false, "start_time": "12M", "end_time": "now", "number_of_datapoints": 11, "chart_type": "bar", "legend_position": "bottom", "xaxis_label": "", "yaxis_label": "", "sort_field": "system", "sort_order": "Ascending", "sort_type": "metrics", "customsort_field": "", "customsort_aggr": "", "dimensions": [{"columnname": "system.process.fd.open"}], "metrics": [{"columnname": "system.process.fd.open", "aggregation_function": "COUNT", "custom_label": "system", "filters": []}], "filters": [], "scripts": [], "widget_type": "Dataset", "model": ""}, {"widget_name": "Demo_123", "dataset": "demo sample", "is_timeseries": false, "start_time": "12M", "end_time": "now", "number_of_datapoints": 11, "chart_type": "bar", "legend_position": "bottom", "xaxis_label": "bottom", "yaxis_label": "", "sort_field": "system", "sort_order": "Ascending", "sort_type": "metrics", "customsort_field": "", "customsort_aggr": "", "dimensions": [{"columnname": "system.process.fd.open"}], "metrics": [{"columnname": "system.process.fd.open", "aggregation_function": "COUNT", "custom_label": "system", "filters": []}], "filters": [], "scripts": [], "widget_type": "Dataset", "model": ""}, {"widget_name": "chc1", "dataset": "sanity_test1", "is_timeseries": false, "start_time": "12M", "end_time": "now", "number_of_datapoints": 5, "chart_type": "bar", "legend_position": "bottom", "xaxis_label": "", "yaxis_label": "", "sort_field": "a", "sort_order": "Ascending", "sort_type": "metrics", "customsort_field": "", "customsort_aggr": "", "dimensions": [{"columnname": "process.name"}], "metrics": [{"columnname": "system.process.fd.open", "aggregation_function": "SUM", "custom_label": "a", "filters": []}], "filters": [], "scripts": [], "widget_type": "Dataset", "model": ""}, {"widget_name": "chc2", "dataset": "sanity_test1", "is_timeseries": false, "start_time": "12M", "end_time": "now", "number_of_datapoints": 5, "chart_type": "pie", "legend_position": "bottom", "xaxis_label": "", "yaxis_label": "", "sort_field": "a", "sort_order": "Ascending", "sort_type": "metrics", "customsort_field": "", "customsort_aggr": "", "dimensions": [{"columnname": "process.name"}], "metrics": [{"columnname": "system.process.fd.open", "aggregation_function": "COUNT", "custom_label": "a", "filters": []}], "filters": [], "scripts": [], "widget_type": "Dataset", "model": ""}, {"widget_name": "chc3", "dataset": "", "is_timeseries": true, "start_time": "12M", "end_time": "tomorrow", "number_of_datapoints": 0, "chart_type": "bar", "legend_position": "bottom", "xaxis_label": "", "yaxis_label": "", "sort_field": "", "sort_order": "", "sort_type": "metrics", "customsort_field": "", "customsort_aggr": "", "dimensions": [{"columnname": "system"}], "metrics": [{"columnname": "system.process.fd.open", "aggregation_function": "SUM", "custom_label": "", "filters": []}], "filters": [], "scripts": [], "widget_type": "Prediction Model", "model": "sanity_pred1"}]